개포1동,,,,NNP,지명,T,동이름,*,*,*,*,*
개포2동,,,,NNP,지명,T,동이름,*,*,*,*,*
개포4동,,,,NNP,지명,T,동이름,*,*,*,*,*
개포동,,,,NNP,지명,T,동이름,*,*,*,*,*
논현1동,,,,NNP,지명,T,동이름,*,*,*,*,*
논현2동,,,,NNP,지명,T,동이름,*,*,*,*,*
논현동,,,,NNP,지명,T,동이름,*,*,*,*,*
대치1동,,,,NNP,지명,T,동이름,*,*,*,*,*
대치2동,,,,NNP,지명,T,동이름,*,*,*,*,*
대치4동,,,,NNP,지명,T,동이름,*,*,*,*,*
대치동,,,,NNP,지명,T,동이름,*,*,*,*,*
도곡1동,,,,NNP,지명,T,동이름,*,*,*,*,*
도곡2동,,,,NNP,지명,T,도곡2,*,*,*,*,*
도곡동,,,,NNP,지명,T,동이름,*,*,*,*,*
삼성동,,,-100,NNP,지명,T,동이름,*,*,*,*,*
삼성1동,,,,NNP,지명,T,동이름,*,*,*,*,*
삼성2동,,,,NNP,지명,T,동이름,*,*,*,*,*
세곡동,,,,NNP,지명,T,동이름,*,*,*,*,*
수서동,,,,NNP,지명,T,동이름,*,*,*,*,*
신사동,,,,NNP,지명,T,동이름,*,*,*,*,*
압구정동,,,,NNP,지명,T,동이름,*,*,*,*,*
역삼1동,,,,NNP,지명,T,동이름,*,*,*,*,*
역삼2동,,,,NNP,지명,T,동이름,*,*,*,*,*
역삼동,,,-100,NNP,지명,T,동이름,*,*,*,*,*
일원1동,,,,NNP,지명,T,동이름,*,*,*,*,*
일원2동,,,,NNP,지명,T,동이름,*,*,*,*,*
일원동,,,,NNP,지명,T,동이름,*,*,*,*,*
일원본동,,,,NNP,지명,T,동이름,*,*,*,*,*
청담동,,,,NNP,지명,T,동이름,*,*,*,*,*
강일동,,,,NNP,지명,T,동이름,*,*,*,*,*
고덕제1동,,,,NNP,지명,T,동이름,*,*,*,*,*
고덕제2동,,,,NNP,지명,T,동이름,*,*,*,*,*
고덕동,,,,NNP,지명,T,동이름,*,*,*,*,*
길동,,,,NNP,지명,T,동이름,*,*,*,*,*
둔촌제1동,,,,NNP,지명,T,동이름,*,*,*,*,*
둔촌제2동,,,,NNP,지명,T,동이름,*,*,*,*,*
둔촌동,,,,NNP,지명,T,동이름,*,*,*,*,*
명일제1동,,,,NNP,지명,T,동이름,*,*,*,*,*
명일제2동,,,,NNP,지명,T,동이름,*,*,*,*,*
명일동,,,,NNP,지명,T,동이름,*,*,*,*,*
상일동,,,,NNP,지명,T,동이름,*,*,*,*,*
성내제1동,,,,NNP,지명,T,동이름,*,*,*,*,*
성내제2동,,,,NNP,지명,T,동이름,*,*,*,*,*
성내제3동,,,,NNP,지명,T,동이름,*,*,*,*,*
성내동,,,,NNP,지명,T,동이름,*,*,*,*,*
암사제1동,,,,NNP,지명,T,동이름,*,*,*,*,*
암사제2동,,,,NNP,지명,T,동이름,*,*,*,*,*
암사제3동,,,,NNP,지명,T,동이름,*,*,*,*,*
암사동,,,,NNP,지명,T,동이름,*,*,*,*,*
천호제1동,,,,NNP,지명,T,동이름,*,*,*,*,*
천호제2동,,,,NNP,지명,T,동이름,*,*,*,*,*
천호제3동,,,,NNP,지명,T,동이름,*,*,*,*,*
천호동,,,,NNP,지명,T,동이름,*,*,*,*,*
미아동,,,,NNP,지명,T,동이름,*,*,*,*,*
번제1동,,,,NNP,지명,T,동이름,*,*,*,*,*
번제2동,,,,NNP,지명,T,동이름,*,*,*,*,*
번제3동,,,,NNP,지명,T,동이름,*,*,*,*,*
번제동,,,,NNP,지명,T,동이름,*,*,*,*,*
삼각산동,,,,NNP,지명,T,동이름,*,*,*,*,*
삼양동,,,,NNP,지명,T,동이름,*,*,*,*,*
송중동,,,,NNP,지명,T,동이름,*,*,*,*,*
송천동,,,,NNP,지명,T,동이름,*,*,*,*,*
수유제1동,,,,NNP,지명,T,동이름,*,*,*,*,*
수유제2동,,,,NNP,지명,T,동이름,*,*,*,*,*
수유제3동,,,,NNP,지명,T,동이름,*,*,*,*,*
수유동,,,,NNP,지명,T,동이름,*,*,*,*,*
우이동,,,,NNP,지명,T,동이름,*,*,*,*,*
인수동,,,,NNP,지명,T,동이름,*,*,*,*,*
가양제1동,,,,NNP,지명,T,동이름,*,*,*,*,*
가양제2동,,,,NNP,지명,T,동이름,*,*,*,*,*
가양제3동,,,,NNP,지명,T,동이름,*,*,*,*,*
가양동,,,,NNP,지명,T,동이름,*,*,*,*,*
공항동,,,,NNP,지명,T,동이름,*,*,*,*,*
등촌제1동,,,,NNP,지명,T,동이름,*,*,*,*,*
등촌제2동,,,,NNP,지명,T,동이름,*,*,*,*,*
등촌제3동,,,,NNP,지명,T,동이름,*,*,*,*,*
등촌동,,,,NNP,지명,T,동이름,*,*,*,*,*
발산제1동,,,,NNP,지명,T,동이름,*,*,*,*,*
발산동,,,,NNP,지명,T,동이름,*,*,*,*,*
방화제1동,,,,NNP,지명,T,동이름,*,*,*,*,*
방화제2동,,,,NNP,지명,T,동이름,*,*,*,*,*
방화제3동,,,,NNP,지명,T,동이름,*,*,*,*,*
방화동,,,,NNP,지명,T,동이름,*,*,*,*,*
염창동,,,,NNP,지명,T,동이름,*,*,*,*,*
우장산동,,,,NNP,지명,T,동이름,*,*,*,*,*
화곡본동,,,,NNP,지명,T,동이름,*,*,*,*,*
화곡제1동,,,,NNP,지명,T,동이름,*,*,*,*,*
화곡제2동,,,,NNP,지명,T,동이름,*,*,*,*,*
화곡제3동,,,,NNP,지명,T,동이름,*,*,*,*,*
화곡제4동,,,,NNP,지명,T,동이름,*,*,*,*,*
화곡제6동,,,,NNP,지명,T,동이름,*,*,*,*,*
화곡제8동,,,,NNP,지명,T,동이름,*,*,*,*,*
화곡동,,,,NNP,지명,T,동이름,*,*,*,*,*
낙성대동,,,,NNP,지명,T,동이름,*,*,*,*,*
난곡동,,,,NNP,지명,T,동이름,*,*,*,*,*
난향동,,,,NNP,지명,T,동이름,*,*,*,*,*
남현동,,,,NNP,지명,T,동이름,*,*,*,*,*
대학동,,,,NNP,지명,T,동이름,*,*,*,*,*
미성동,,,,NNP,지명,T,동이름,*,*,*,*,*
보라매동,,,,NNP,지명,T,동이름,*,*,*,*,*
삼성동,,,,NNP,지명,T,동이름,*,*,*,*,*
서림동,,,,NNP,지명,T,동이름,*,*,*,*,*
서원동,,,,NNP,지명,T,동이름,*,*,*,*,*
성현동,,,,NNP,지명,T,동이름,*,*,*,*,*
신림동,,,,NNP,지명,T,동이름,*,*,*,*,*
신사동,,,,NNP,지명,T,동이름,*,*,*,*,*
신원동,,,,NNP,지명,T,동이름,*,*,*,*,*
은천동,,,,NNP,지명,T,동이름,*,*,*,*,*
인헌동,,,,NNP,지명,T,동이름,*,*,*,*,*
조원동,,,,NNP,지명,T,동이름,*,*,*,*,*
중앙동,,,,NNP,지명,T,동이름,*,*,*,*,*
청룡동,,,,NNP,지명,T,동이름,*,*,*,*,*
청림동,,,,NNP,지명,T,동이름,*,*,*,*,*
행운동,,,,NNP,지명,T,동이름,*,*,*,*,*
광장동,,,,NNP,지명,T,동이름,*,*,*,*,*
구의제1동,,,,NNP,지명,T,동이름,*,*,*,*,*
구의제2동,,,,NNP,지명,T,동이름,*,*,*,*,*
구의제3동,,,,NNP,지명,T,동이름,*,*,*,*,*
구의동,,,,NNP,지명,T,동이름,*,*,*,*,*
군자동,,,,NNP,지명,T,동이름,*,*,*,*,*
능동,,,,NNP,지명,T,동이름,*,*,*,*,*
자양제2동,,,,NNP,지명,T,동이름,*,*,*,*,*
자양제3동,,,,NNP,지명,T,동이름,*,*,*,*,*
자양제4동,,,,NNP,지명,T,동이름,*,*,*,*,*
자양동,,,,NNP,지명,T,동이름,*,*,*,*,*
중곡제1동,,,,NNP,지명,T,동이름,*,*,*,*,*
중곡제2동,,,,NNP,지명,T,동이름,*,*,*,*,*
중곡제3동,,,,NNP,지명,T,동이름,*,*,*,*,*
중곡제4동,,,,NNP,지명,T,동이름,*,*,*,*,*
중곡동,,,,NNP,지명,T,동이름,*,*,*,*,*
화양동,,,,NNP,지명,T,동이름,*,*,*,*,*
가리봉동,,,,NNP,지명,T,동이름,*,*,*,*,*
개봉제1동,,,,NNP,지명,T,동이름,*,*,*,*,*
개봉제2동,,,,NNP,지명,T,동이름,*,*,*,*,*
개봉제3동,,,,NNP,지명,T,동이름,*,*,*,*,*
개봉동,,,,NNP,지명,T,동이름,*,*,*,*,*
고척제1동,,,,NNP,지명,T,동이름,*,*,*,*,*
고척제2동,,,,NNP,지명,T,동이름,*,*,*,*,*
고척동,,,,NNP,지명,T,동이름,*,*,*,*,*
구척동,,,,NNP,지명,T,동이름,*,*,*,*,*
구로제1동,,,,NNP,지명,T,동이름,*,*,*,*,*
구로제2동,,,,NNP,지명,T,동이름,*,*,*,*,*
구로제3동,,,,NNP,지명,T,동이름,*,*,*,*,*
구로제4동,,,,NNP,지명,T,동이름,*,*,*,*,*
구로제5동,,,,NNP,지명,T,동이름,*,*,*,*,*
구로동,,,,NNP,지명,T,동이름,*,*,*,*,*
수궁동,,,,NNP,지명,T,동이름,*,*,*,*,*
신도림동,,,,NNP,지명,T,동이름,*,*,*,*,*
오류제1동,,,,NNP,지명,T,동이름,*,*,*,*,*
오류제2동,,,,NNP,지명,T,동이름,*,*,*,*,*
오류동,,,,NNP,지명,T,동이름,*,*,*,*,*
가산동,,,,NNP,지명,T,동이름,*,*,*,*,*
독산제1동,,,,NNP,지명,T,동이름,*,*,*,*,*
독산제2동,,,,NNP,지명,T,동이름,*,*,*,*,*
독산제3동,,,,NNP,지명,T,동이름,*,*,*,*,*
독산제4동,,,,NNP,지명,T,동이름,*,*,*,*,*
독산동,,,,NNP,지명,T,동이름,*,*,*,*,*
시흥제1동,,,,NNP,지명,T,동이름,*,*,*,*,*
시흥제2동,,,,NNP,지명,T,동이름,*,*,*,*,*
시흥제3동,,,,NNP,지명,T,동이름,*,*,*,*,*
시흥제4동,,,,NNP,지명,T,동이름,*,*,*,*,*
시흥제5동,,,,NNP,지명,T,동이름,*,*,*,*,*
시흥동,,,,NNP,지명,T,동이름,*,*,*,*,*
공릉1동,,,,NNP,지명,T,동이름,*,*,*,*,*
공릉2동,,,,NNP,지명,T,동이름,*,*,*,*,*
공릉동,,,,NNP,지명,T,동이름,*,*,*,*,*
상계10동,,,,NNP,지명,T,동이름,*,*,*,*,*
상계1동,,,,NNP,지명,T,동이름,*,*,*,*,*
상계2동,,,,NNP,지명,T,동이름,*,*,*,*,*
상계3동,,,,NNP,지명,T,동이름,*,*,*,*,*
상계4동,,,,NNP,지명,T,동이름,*,*,*,*,*
상계5동,,,,NNP,지명,T,동이름,*,*,*,*,*
상계6동,,,,NNP,지명,T,동이름,*,*,*,*,*
상계7동,,,,NNP,지명,T,동이름,*,*,*,*,*
상계8동,,,,NNP,지명,T,동이름,*,*,*,*,*
상계9동,,,,NNP,지명,T,동이름,*,*,*,*,*
상계동,,,,NNP,지명,T,동이름,*,*,*,*,*
월계1동,,,,NNP,지명,T,동이름,*,*,*,*,*
월계2동,,,,NNP,지명,T,동이름,*,*,*,*,*
월계3동,,,,NNP,지명,T,동이름,*,*,*,*,*
월계동,,,,NNP,지명,T,동이름,*,*,*,*,*
중계1동,,,,NNP,지명,T,동이름,*,*,*,*,*
중계2동,,,,NNP,지명,T,동이름,*,*,*,*,*
중계3동,,,,NNP,지명,T,동이름,*,*,*,*,*
중계4동,,,,NNP,지명,T,동이름,*,*,*,*,*
중계본동,,,,NNP,지명,T,동이름,*,*,*,*,*
중계동,,,,NNP,지명,T,동이름,*,*,*,*,*
하계1동,,,,NNP,지명,T,동이름,*,*,*,*,*
하계2동,,,,NNP,지명,T,동이름,*,*,*,*,*
하계동,,,,NNP,지명,T,동이름,*,*,*,*,*
도봉1동,,,,NNP,지명,T,동이름,*,*,*,*,*
도봉2동,,,,NNP,지명,T,동이름,*,*,*,*,*
도봉동,,,,NNP,지명,T,동이름,*,*,*,*,*
방학1동,,,,NNP,지명,T,동이름,*,*,*,*,*
방학2동,,,,NNP,지명,T,동이름,*,*,*,*,*
방학3동,,,,NNP,지명,T,동이름,*,*,*,*,*
방학동,,,,NNP,지명,T,동이름,*,*,*,*,*
쌍문1동,,,,NNP,지명,T,동이름,*,*,*,*,*
쌍문2동,,,,NNP,지명,T,동이름,*,*,*,*,*
쌍문3동,,,,NNP,지명,T,동이름,*,*,*,*,*
쌍문4동,,,,NNP,지명,T,동이름,*,*,*,*,*
쌍문동,,,,NNP,지명,T,동이름,*,*,*,*,*
창1동,,,,NNP,지명,T,동이름,*,*,*,*,*
창2동,,,,NNP,지명,T,동이름,*,*,*,*,*
창3동,,,,NNP,지명,T,동이름,*,*,*,*,*
창4동,,,,NNP,지명,T,동이름,*,*,*,*,*
창5동,,,,NNP,지명,T,동이름,*,*,*,*,*
창동,,,,NNP,지명,T,동이름,*,*,*,*,*
답십리제1동,,,,NNP,지명,T,동이름,*,*,*,*,*
답십리제2동,,,,NNP,지명,T,동이름,*,*,*,*,*
답십리동,,,,NNP,지명,T,동이름,*,*,*,*,*
용신동,,,,NNP,지명,T,동이름,*,*,*,*,*
이문제1동,,,,NNP,지명,T,동이름,*,*,*,*,*
이문제2동,,,,NNP,지명,T,동이름,*,*,*,*,*
이문동,,,,NNP,지명,T,동이름,*,*,*,*,*
장안제1동,,,,NNP,지명,T,동이름,*,*,*,*,*
장안제2동,,,,NNP,지명,T,동이름,*,*,*,*,*
장안동,,,,NNP,지명,T,동이름,*,*,*,*,*
전농제1동,,,,NNP,지명,T,동이름,*,*,*,*,*
전농제2동,,,,NNP,지명,T,동이름,*,*,*,*,*
전농동,,,,NNP,지명,T,동이름,*,*,*,*,*
제기동,,,,NNP,지명,T,동이름,*,*,*,*,*
청량리동,,,,NNP,지명,T,동이름,*,*,*,*,*
회기동,,,,NNP,지명,T,동이름,*,*,*,*,*
휘경제1동,,,,NNP,지명,T,동이름,*,*,*,*,*
휘경제2동,,,,NNP,지명,T,동이름,*,*,*,*,*
휘경동,,,,NNP,지명,T,동이름,*,*,*,*,*
노량진제1동,,,,NNP,지명,T,동이름,*,*,*,*,*
노량진제2동,,,,NNP,지명,T,동이름,*,*,*,*,*
노량진동,,,,NNP,지명,T,동이름,*,*,*,*,*
대방동,,,,NNP,지명,T,동이름,*,*,*,*,*
사당제1동,,,,NNP,지명,T,동이름,*,*,*,*,*
사당제2동,,,,NNP,지명,T,동이름,*,*,*,*,*
사당제3동,,,,NNP,지명,T,동이름,*,*,*,*,*
사당제4동,,,,NNP,지명,T,동이름,*,*,*,*,*
사당제5동,,,,NNP,지명,T,동이름,*,*,*,*,*
사당동,,,,NNP,지명,T,동이름,*,*,*,*,*
상도제1동,,,,NNP,지명,T,동이름,*,*,*,*,*
상도제2동,,,,NNP,지명,T,동이름,*,*,*,*,*
상도제3동,,,,NNP,지명,T,동이름,*,*,*,*,*
상도제4동,,,,NNP,지명,T,동이름,*,*,*,*,*
상도동,,,,NNP,지명,T,동이름,*,*,*,*,*
신대방제1동,,,,NNP,지명,T,동이름,*,*,*,*,*
신대방제2동,,,,NNP,지명,T,동이름,*,*,*,*,*
신대방동,,,,NNP,지명,T,동이름,*,*,*,*,*
흑석동,,,,NNP,지명,T,동이름,*,*,*,*,*
공덕동,,,,NNP,지명,T,동이름,*,*,*,*,*
대흥동,,,,NNP,지명,T,동이름,*,*,*,*,*
도화동,,,,NNP,지명,T,동이름,*,*,*,*,*
망원1동,,,,NNP,지명,T,동이름,*,*,*,*,*
망원2동,,,,NNP,지명,T,동이름,*,*,*,*,*
망원동,,,,NNP,지명,T,동이름,*,*,*,*,*
상암동,,,,NNP,지명,T,동이름,*,*,*,*,*
서강동,,,,NNP,지명,T,동이름,*,*,*,*,*
서교동,,,,NNP,지명,T,동이름,*,*,*,*,*
성산1동,,,,NNP,지명,T,동이름,*,*,*,*,*
성산2동,,,,NNP,지명,T,동이름,*,*,*,*,*
성산동,,,,NNP,지명,T,동이름,*,*,*,*,*
신수동,,,,NNP,지명,T,동이름,*,*,*,*,*
아현동,,,,NNP,지명,T,동이름,*,*,*,*,*
연남동,,,,NNP,지명,T,동이름,*,*,*,*,*
염리동,,,,NNP,지명,T,동이름,*,*,*,*,*
용강동,,,,NNP,지명,T,동이름,*,*,*,*,*
합정동,,,,NNP,지명,T,동이름,*,*,*,*,*
남가좌제1동,,,,NNP,지명,T,동이름,*,*,*,*,*
남가좌제2동,,,,NNP,지명,T,동이름,*,*,*,*,*
남가좌동,,,,NNP,지명,T,동이름,*,*,*,*,*
북가좌제1동,,,,NNP,지명,T,동이름,*,*,*,*,*
북가좌제2동,,,,NNP,지명,T,동이름,*,*,*,*,*
북가좌동,,,,NNP,지명,T,동이름,*,*,*,*,*
북아현동,,,,NNP,지명,T,동이름,*,*,*,*,*
신촌동,,,,NNP,지명,T,동이름,*,*,*,*,*
연희동,,,,NNP,지명,T,동이름,*,*,*,*,*
천연동,,,,NNP,지명,T,동이름,*,*,*,*,*
충현동,,,,NNP,지명,T,동이름,*,*,*,*,*
홍은제1동,,,,NNP,지명,T,동이름,*,*,*,*,*
홍은제2동,,,,NNP,지명,T,동이름,*,*,*,*,*
홍은동,,,,NNP,지명,T,동이름,*,*,*,*,*
홍제제1동,,,,NNP,지명,T,동이름,*,*,*,*,*
홍제제2동,,,,NNP,지명,T,동이름,*,*,*,*,*
홍제제3동,,,,NNP,지명,T,동이름,*,*,*,*,*
홍제동,,,,NNP,지명,T,동이름,*,*,*,*,*
내곡동,,,,NNP,지명,T,동이름,*,*,*,*,*
반포1동,,,,NNP,지명,T,동이름,*,*,*,*,*
반포2동,,,,NNP,지명,T,동이름,*,*,*,*,*
반포3동,,,,NNP,지명,T,동이름,*,*,*,*,*
반포4동,,,,NNP,지명,T,동이름,*,*,*,*,*
반포동,,,,NNP,지명,T,동이름,*,*,*,*,*
반포본동,,,,NNP,지명,T,동이름,*,*,*,*,*
방배1동,,,,NNP,지명,T,동이름,*,*,*,*,*
방배2동,,,,NNP,지명,T,동이름,*,*,*,*,*
방배3동,,,,NNP,지명,T,동이름,*,*,*,*,*
방배4동,,,,NNP,지명,T,동이름,*,*,*,*,*
방배동,,,,NNP,지명,T,동이름,*,*,*,*,*
방배본동,,,,NNP,지명,T,동이름,*,*,*,*,*
서초1동,,,,NNP,지명,T,동이름,*,*,*,*,*
서초2동,,,,NNP,지명,T,동이름,*,*,*,*,*
서초3동,,,,NNP,지명,T,동이름,*,*,*,*,*
서초4동,,,,NNP,지명,T,동이름,*,*,*,*,*
서초동,,,,NNP,지명,T,동이름,*,*,*,*,*
양재1동,,,,NNP,지명,T,동이름,*,*,*,*,*
양재2동,,,,NNP,지명,T,동이름,*,*,*,*,*
양재동,,,,NNP,지명,T,동이름,*,*,*,*,*
잠원동,,,,NNP,지명,T,동이름,*,*,*,*,*
금호1가동,,,,NNP,지명,T,동이름,*,*,*,*,*
금호2가동,,,,NNP,지명,T,동이름,*,*,*,*,*
금호3가동,,,,NNP,지명,T,동이름,*,*,*,*,*
금호4가동,,,,NNP,지명,T,동이름,*,*,*,*,*
금호동,,,,NNP,지명,T,동이름,*,*,*,*,*
마장동,,,,NNP,지명,T,동이름,*,*,*,*,*
사근동,,,,NNP,지명,T,동이름,*,*,*,*,*
성수1가제1동,,,,NNP,지명,T,동이름,*,*,*,*,*
성수1가제2동,,,,NNP,지명,T,동이름,*,*,*,*,*
성수동,,,,NNP,지명,T,동이름,*,*,*,*,*
성수1가동,,,,NNP,지명,T,동이름,*,*,*,*,*
성수2가제1동,,,,NNP,지명,T,동이름,*,*,*,*,*
성수2가제3동,,,,NNP,지명,T,동이름,*,*,*,*,*
성수2가동,,,,NNP,지명,T,동이름,*,*,*,*,*
송정동,,,,NNP,지명,T,동이름,*,*,*,*,*
옥수동,,,,NNP,지명,T,동이름,*,*,*,*,*
왕십리도선동,,,,NNP,지명,T,동이름,*,*,*,*,*
왕십리제2동,,,,NNP,지명,T,동이름,*,*,*,*,*
왕십리동,,,,NNP,지명,T,동이름,*,*,*,*,*
용답동,,,,NNP,지명,T,동이름,*,*,*,*,*
응봉동,,,,NNP,지명,T,동이름,*,*,*,*,*
행당제1동,,,,NNP,지명,T,동이름,*,*,*,*,*
행당제2동,,,,NNP,지명,T,동이름,*,*,*,*,*
행당동,,,,NNP,지명,T,동이름,*,*,*,*,*
길음제1동,,,,NNP,지명,T,동이름,*,*,*,*,*
길음제2동,,,,NNP,지명,T,동이름,*,*,*,*,*
길음동,,,,NNP,지명,T,동이름,*,*,*,*,*
돈암제1동,,,,NNP,지명,T,동이름,*,*,*,*,*
돈암제2동,,,,NNP,지명,T,동이름,*,*,*,*,*
돈암동,,,,NNP,지명,T,동이름,*,*,*,*,*
동선동,,,,NNP,지명,T,동이름,*,*,*,*,*
보문동,,,,NNP,지명,T,동이름,*,*,*,*,*
삼선동,,,,NNP,지명,T,동이름,*,*,*,*,*
석관동,,,,NNP,지명,T,동이름,*,*,*,*,*
성북동,,,,NNP,지명,T,동이름,*,*,*,*,*
안암동,,,,NNP,지명,T,동이름,*,*,*,*,*
월곡제1동,,,,NNP,지명,T,동이름,*,*,*,*,*
월곡제2동,,,,NNP,지명,T,동이름,*,*,*,*,*
월곡동,,,,NNP,지명,T,동이름,*,*,*,*,*
장위제1동,,,,NNP,지명,T,동이름,*,*,*,*,*
장위제2동,,,,NNP,지명,T,동이름,*,*,*,*,*
장위제3동,,,,NNP,지명,T,동이름,*,*,*,*,*
장위동,,,,NNP,지명,T,동이름,*,*,*,*,*
정릉제1동,,,,NNP,지명,T,동이름,*,*,*,*,*
정릉제2동,,,,NNP,지명,T,동이름,*,*,*,*,*
정릉제3동,,,,NNP,지명,T,동이름,*,*,*,*,*
정릉제4동,,,,NNP,지명,T,동이름,*,*,*,*,*
정릉동,,,,NNP,지명,T,동이름,*,*,*,*,*
종암동,,,,NNP,지명,T,동이름,*,*,*,*,*
가락1동,,,,NNP,지명,T,동이름,*,*,*,*,*
가락2동,,,,NNP,지명,T,동이름,*,*,*,*,*
가락본동,,,,NNP,지명,T,동이름,*,*,*,*,*
가락동,,,,NNP,지명,T,동이름,*,*,*,*,*
거여1동,,,,NNP,지명,T,동이름,*,*,*,*,*
거여2동,,,,NNP,지명,T,동이름,*,*,*,*,*
거여동,,,,NNP,지명,T,동이름,*,*,*,*,*
마천1동,,,,NNP,지명,T,동이름,*,*,*,*,*
마천2동,,,,NNP,지명,T,동이름,*,*,*,*,*
마천동,,,,NNP,지명,T,동이름,*,*,*,*,*
문정1동,,,,NNP,지명,T,동이름,*,*,*,*,*
문정2동,,,,NNP,지명,T,동이름,*,*,*,*,*
문정동,,,,NNP,지명,T,동이름,*,*,*,*,*
방이1동,,,,NNP,지명,T,동이름,*,*,*,*,*
방이2동,,,,NNP,지명,T,동이름,*,*,*,*,*
방이동,,,,NNP,지명,T,동이름,*,*,*,*,*
삼전동,,,,NNP,지명,T,동이름,*,*,*,*,*
석촌동,,,,NNP,지명,T,동이름,*,*,*,*,*
송파1동,,,,NNP,지명,T,동이름,*,*,*,*,*
송파2동,,,,NNP,지명,T,동이름,*,*,*,*,*
송파동,,,,NNP,지명,T,동이름,*,*,*,*,*
오금동,,,,NNP,지명,T,동이름,*,*,*,*,*
오륜동,,,,NNP,지명,T,동이름,*,*,*,*,*
위례동,,,,NNP,지명,T,동이름,*,*,*,*,*
잠실2동,,,,NNP,지명,T,동이름,*,*,*,*,*
잠실3동,,,,NNP,지명,T,동이름,*,*,*,*,*
잠실4동,,,,NNP,지명,T,동이름,*,*,*,*,*
잠실6동,,,,NNP,지명,T,동이름,*,*,*,*,*
잠실7동,,,,NNP,지명,T,동이름,*,*,*,*,*
잠실본동,,,,NNP,지명,T,동이름,*,*,*,*,*
잠실동,,,,NNP,지명,T,동이름,*,*,*,*,*
장지동,,,,NNP,지명,T,동이름,*,*,*,*,*
풍납1동,,,,NNP,지명,T,동이름,*,*,*,*,*
풍납2동,,,,NNP,지명,T,동이름,*,*,*,*,*
풍납동,,,,NNP,지명,T,동이름,*,*,*,*,*
목1동,,,,NNP,지명,T,동이름,*,*,*,*,*
목2동,,,,NNP,지명,T,동이름,*,*,*,*,*
목3동,,,,NNP,지명,T,동이름,*,*,*,*,*
목4동,,,,NNP,지명,T,동이름,*,*,*,*,*
목5동,,,,NNP,지명,T,동이름,*,*,*,*,*
목동,,,,NNP,지명,T,동이름,*,*,*,*,*
신월1동,,,,NNP,지명,T,동이름,*,*,*,*,*
신월2동,,,,NNP,지명,T,동이름,*,*,*,*,*
신월3동,,,,NNP,지명,T,동이름,*,*,*,*,*
신월4동,,,,NNP,지명,T,동이름,*,*,*,*,*
신월5동,,,,NNP,지명,T,동이름,*,*,*,*,*
신월6동,,,,NNP,지명,T,동이름,*,*,*,*,*
신월7동,,,,NNP,지명,T,동이름,*,*,*,*,*
신월동,,,,NNP,지명,T,동이름,*,*,*,*,*
신정1동,,,,NNP,지명,T,동이름,*,*,*,*,*
신정2동,,,,NNP,지명,T,동이름,*,*,*,*,*
신정3동,,,,NNP,지명,T,동이름,*,*,*,*,*
신정4동,,,,NNP,지명,T,동이름,*,*,*,*,*
신정6동,,,,NNP,지명,T,동이름,*,*,*,*,*
신정7동,,,,NNP,지명,T,동이름,*,*,*,*,*
신정동,,,,NNP,지명,T,동이름,*,*,*,*,*
당산제1동,,,,NNP,지명,T,동이름,*,*,*,*,*
당산제2동,,,,NNP,지명,T,동이름,*,*,*,*,*
당산동,,,,NNP,지명,T,동이름,*,*,*,*,*
대림제1동,,,,NNP,지명,T,동이름,*,*,*,*,*
대림제2동,,,,NNP,지명,T,동이름,*,*,*,*,*
대림제3동,,,,NNP,지명,T,동이름,*,*,*,*,*
대림동,,,,NNP,지명,T,동이름,*,*,*,*,*
도림동,,,,NNP,지명,T,동이름,*,*,*,*,*
문래동,,,,NNP,지명,T,동이름,*,*,*,*,*
신길제1동,,,,NNP,지명,T,동이름,*,*,*,*,*
신길제3동,,,,NNP,지명,T,동이름,*,*,*,*,*
신길제4동,,,,NNP,지명,T,동이름,*,*,*,*,*
신길제5동,,,,NNP,지명,T,동이름,*,*,*,*,*
신길제6동,,,,NNP,지명,T,동이름,*,*,*,*,*
신길제7동,,,,NNP,지명,T,동이름,*,*,*,*,*
신길동,,,,NNP,지명,T,동이름,*,*,*,*,*
양평제1동,,,,NNP,지명,T,동이름,*,*,*,*,*
양평제2동,,,,NNP,지명,T,동이름,*,*,*,*,*
양평동,,,,NNP,지명,T,동이름,*,*,*,*,*
여의동,,,,NNP,지명,T,동이름,*,*,*,*,*
영등포동,,,,NNP,지명,T,동이름,*,*,*,*,*
영등포본동,,,,NNP,지명,T,동이름,*,*,*,*,*
남영동,,,,NNP,지명,T,동이름,*,*,*,*,*
보광동,,,,NNP,지명,T,동이름,*,*,*,*,*
서빙고동,,,,NNP,지명,T,동이름,*,*,*,*,*
용문동,,,,NNP,지명,T,동이름,*,*,*,*,*
용산2가동,,,,NNP,지명,T,동이름,*,*,*,*,*
원효로제1동,,,,NNP,지명,T,동이름,*,*,*,*,*
원효로제2동,,,,NNP,지명,T,동이름,*,*,*,*,*
원효로동,,,,NNP,지명,T,동이름,*,*,*,*,*
이촌제1동,,,,NNP,지명,T,동이름,*,*,*,*,*
이촌제2동,,,,NNP,지명,T,동이름,*,*,*,*,*
이촌동,,,,NNP,지명,T,동이름,*,*,*,*,*
이태원제1동,,,,NNP,지명,T,동이름,*,*,*,*,*
이태원제2동,,,,NNP,지명,T,동이름,*,*,*,*,*
이태원동,,,,NNP,지명,T,동이름,*,*,*,*,*
청파동,,,,NNP,지명,T,동이름,*,*,*,*,*
한강로동,,,,NNP,지명,T,동이름,*,*,*,*,*
한남동,,,,NNP,지명,T,동이름,*,*,*,*,*
효창동,,,,NNP,지명,T,동이름,*,*,*,*,*
후암동,,,,NNP,지명,T,동이름,*,*,*,*,*
갈현제1동,,,,NNP,지명,T,동이름,*,*,*,*,*
갈현제2동,,,,NNP,지명,T,동이름,*,*,*,*,*
갈현동,,,,NNP,지명,T,동이름,*,*,*,*,*
구산동,,,,NNP,지명,T,동이름,*,*,*,*,*
녹번동,,,,NNP,지명,T,동이름,*,*,*,*,*
대조동,,,,NNP,지명,T,동이름,*,*,*,*,*
불광제1동,,,,NNP,지명,T,동이름,*,*,*,*,*
불광제2동,,,,NNP,지명,T,동이름,*,*,*,*,*
불광동,,,,NNP,지명,T,동이름,*,*,*,*,*
수색동,,,,NNP,지명,T,동이름,*,*,*,*,*
신사제1동,,,,NNP,지명,T,동이름,*,*,*,*,*
신사제2동,,,,NNP,지명,T,동이름,*,*,*,*,*
신사동,,,,NNP,지명,T,동이름,*,*,*,*,*
역촌동,,,,NNP,지명,T,동이름,*,*,*,*,*
응암제1동,,,,NNP,지명,T,동이름,*,*,*,*,*
응암제2동,,,,NNP,지명,T,동이름,*,*,*,*,*
응암제3동,,,,NNP,지명,T,동이름,*,*,*,*,*
응암동,,,,NNP,지명,T,동이름,*,*,*,*,*
증산동,,,,NNP,지명,T,동이름,*,*,*,*,*
진관동,,,,NNP,지명,T,동이름,*,*,*,*,*
가회동,,,,NNP,지명,T,동이름,*,*,*,*,*
교남동,,,,NNP,지명,T,동이름,*,*,*,*,*
무악동,,,,NNP,지명,T,동이름,*,*,*,*,*
부암동,,,,NNP,지명,T,동이름,*,*,*,*,*
사직동,,,,NNP,지명,T,동이름,*,*,*,*,*
삼청동,,,,NNP,지명,T,동이름,*,*,*,*,*
숭인제1동,,,,NNP,지명,T,동이름,*,*,*,*,*
숭인제2동,,,,NNP,지명,T,동이름,*,*,*,*,*
승인동,,,,NNP,지명,T,동이름,*,*,*,*,*
이화동,,,,NNP,지명,T,동이름,*,*,*,*,*
종로동,,,,NNP,지명,T,동이름,*,*,*,*,*
종로1가동,,,,NNP,지명,T,동이름,*,*,*,*,*
종로2가동,,,,NNP,지명,T,동이름,*,*,*,*,*
종로3가동,,,,NNP,지명,T,동이름,*,*,*,*,*
종로4가동,,,,NNP,지명,T,동이름,*,*,*,*,*
종로5가동,,,,NNP,지명,T,동이름,*,*,*,*,*
종로6가동,,,,NNP,지명,T,동이름,*,*,*,*,*
창신제1동,,,,NNP,지명,T,동이름,*,*,*,*,*
창신제2동,,,,NNP,지명,T,동이름,*,*,*,*,*
창신제3동,,,,NNP,지명,T,동이름,*,*,*,*,*
창신동,,,,NNP,지명,T,동이름,*,*,*,*,*
청운효자동,,,,NNP,지명,T,동이름,*,*,*,*,*
평창동,,,,NNP,지명,T,동이름,*,*,*,*,*
혜화동,,,,NNP,지명,T,동이름,*,*,*,*,*
광희동,,,,NNP,지명,T,동이름,*,*,*,*,*
다산동,,,,NNP,지명,T,동이름,*,*,*,*,*
동화동,,,,NNP,지명,T,동이름,*,*,*,*,*
명동,,,,NNP,지명,T,동이름,*,*,*,*,*
소공동,,,,NNP,지명,T,동이름,*,*,*,*,*
신당동,,,,NNP,지명,T,동이름,*,*,*,*,*
신당제5동,,,,NNP,지명,T,동이름,*,*,*,*,*
약수동,,,,NNP,지명,T,동이름,*,*,*,*,*
을지로동,,,,NNP,지명,T,동이름,*,*,*,*,*
장충동,,,,NNP,지명,T,동이름,*,*,*,*,*
중림동,,,,NNP,지명,T,동이름,*,*,*,*,*
청구동,,,,NNP,지명,T,동이름,*,*,*,*,*
필동,,,,NNP,지명,T,동이름,*,*,*,*,*
황학동,,,,NNP,지명,T,동이름,*,*,*,*,*
회현동,,,,NNP,지명,T,동이름,*,*,*,*,*
망우본동,,,,NNP,지명,T,동이름,*,*,*,*,*
망우제3동,,,,NNP,지명,T,동이름,*,*,*,*,*
망우동,,,,NNP,지명,T,동이름,*,*,*,*,*
면목본동,,,,NNP,지명,T,동이름,*,*,*,*,*
면목제2동,,,,NNP,지명,T,동이름,*,*,*,*,*
면목제3동,,,,NNP,지명,T,동이름,*,*,*,*,*
면목제8동,,,,NNP,지명,T,동이름,*,*,*,*,*
면목제4동,,,,NNP,지명,T,동이름,*,*,*,*,*
면목제5동,,,,NNP,지명,T,동이름,*,*,*,*,*
면목제7동,,,,NNP,지명,T,동이름,*,*,*,*,*
면목동,,,,NNP,지명,T,동이름,*,*,*,*,*
묵제1동,,,,NNP,지명,T,동이름,*,*,*,*,*
묵제2동,,,,NNP,지명,T,동이름,*,*,*,*,*
묵동,,,,NNP,지명,T,동이름,*,*,*,*,*
상봉제1동,,,,NNP,지명,T,동이름,*,*,*,*,*
상봉제2동,,,,NNP,지명,T,동이름,*,*,*,*,*
상봉동,,,,NNP,지명,T,동이름,*,*,*,*,*
신내제1동,,,,NNP,지명,T,동이름,*,*,*,*,*
신내제2동,,,,NNP,지명,T,동이름,*,*,*,*,*
신내동,,,,NNP,지명,T,동이름,*,*,*,*,*
중화제1동,,,,NNP,지명,T,동이름,*,*,*,*,*
중화제2동,,,,NNP,지명,T,동이름,*,*,*,*,*
중화동,,,,NNP,지명,T,동이름,*,*,*,*,*
